{"cameraMode":{"drawMode":0,"name":"Shaded","section":"Shading Mode"},"sceneLighting":true,"audioPlay":false,"sceneViewState":{"showFog":true,"showMaterialUpdate":false,"showSkybox":true,"showFlares":true,"showImageEffects":true,"showParticleSystems":true},"in2DMode":false,"pivot":{"x":534.7871704101563,"y":299.460693359375,"z":42.20641326904297},"rotation":{"x":-0.014996080659329892,"y":0.02099604159593582,"z":0.0003149192489217967,"w":0.9996670484542847},"size":774.3269653320313,"orthographic":false}