{"cameraMode":{"drawMode":0,"name":"Shaded","section":"Shading Mode"},"sceneLighting":true,"audioPlay":false,"sceneViewState":{"showFog":true,"showMaterialUpdate":false,"showSkybox":true,"showFlares":true,"showImageEffects":true,"showParticleSystems":true},"in2DMode":false,"pivot":{"x":-6.393489837646484,"y":1.1167776584625245,"z":-14.422945022583008},"rotation":{"x":0.037089262157678607,"y":-0.9109117388725281,"z":0.08285186439752579,"w":0.40249213576316836},"size":9.587319374084473,"orthographic":false}