{"cameraMode":{"drawMode":0,"name":"Shaded","section":"Shading Mode"},"sceneLighting":true,"audioPlay":false,"sceneViewState":{"showFog":true,"showMaterialUpdate":false,"showSkybox":true,"showFlares":true,"showImageEffects":true,"showParticleSystems":true},"in2DMode":false,"pivot":{"x":5.298602104187012,"y":-23.317974090576173,"z":-27.930686950683595},"rotation":{"x":-0.062090855091810229,"y":-0.819017767906189,"z":0.5632076859474182,"w":-0.09028732031583786},"size":52.17486572265625,"orthographic":false}