{"cameraMode":{"drawMode":0,"name":"Shaded","section":"Shading Mode"},"sceneLighting":false,"audioPlay":false,"sceneViewState":{"showFog":true,"showMaterialUpdate":false,"showSkybox":true,"showFlares":true,"showImageEffects":true,"showParticleSystems":true},"in2DMode":false,"pivot":{"x":8.315220832824707,"y":0.3500002920627594,"z":33.91341018676758},"rotation":{"x":0.08339674025774002,"y":0.10919152200222016,"z":-0.009187295101583004,"w":0.9904735684394836},"size":9.604690551757813,"orthographic":false}