{"cameraMode":{"drawMode":0,"name":"Shaded","section":"Shading Mode"},"sceneLighting":false,"audioPlay":false,"sceneViewState":{"showFog":true,"showMaterialUpdate":false,"showSkybox":true,"showFlares":true,"showImageEffects":true,"showParticleSystems":true},"in2DMode":false,"pivot":{"x":-1.2689999341964722,"y":-0.010199785232543946,"z":14.345000267028809},"rotation":{"x":0.10723038762807846,"y":0.5478557348251343,"z":-0.07106772810220719,"w":0.826622724533081},"size":1.4715776443481446,"orthographic":false}