{"cameraMode":{"drawMode":0,"name":"Shaded","section":"Shading Mode"},"sceneLighting":true,"audioPlay":false,"sceneViewState":{"showFog":true,"showMaterialUpdate":false,"showSkybox":true,"showFlares":true,"showImageEffects":true,"showParticleSystems":true},"in2DMode":false,"pivot":{"x":-4.587085723876953,"y":6.37307596206665,"z":-0.16191470623016358},"rotation":{"x":0.4277927279472351,"y":0.3579515218734741,"z":-0.18950319290161134,"w":0.8080548644065857},"size":16.304821014404298,"orthographic":false}