{"cameraMode":{"drawMode":0,"name":"Shaded","section":"Shading Mode"},"sceneLighting":true,"audioPlay":false,"sceneViewState":{"showFog":true,"showMaterialUpdate":false,"showSkybox":true,"showFlares":true,"showImageEffects":true,"showParticleSystems":true},"in2DMode":false,"pivot":{"x":-6.7518720626831059,"y":1.1808099746704102,"z":-3.872016668319702},"rotation":{"x":-0.12239430844783783,"y":0.6640636920928955,"z":-0.11086166650056839,"w":-0.7292110919952393},"size":26.249658584594728,"orthographic":false}