{"cameraMode":{"drawMode":0,"name":"Shaded","section":"Shading Mode"},"sceneLighting":true,"audioPlay":false,"sceneViewState":{"showFog":true,"showMaterialUpdate":false,"showSkybox":true,"showFlares":true,"showImageEffects":true,"showParticleSystems":true},"in2DMode":false,"pivot":{"x":595.4000244140625,"y":312.1000061035156,"z":-16.0},"rotation":{"x":0.04436661675572395,"y":0.019765544682741166,"z":-0.0013087880797684193,"w":0.9988189935684204},"size":1259.4833984375,"orthographic":false}