{"cameraMode":{"drawMode":0,"name":"Shaded","section":"Shading Mode"},"sceneLighting":true,"audioPlay":false,"sceneViewState":{"showFog":true,"showMaterialUpdate":false,"showSkybox":true,"showFlares":true,"showImageEffects":true,"showParticleSystems":true},"in2DMode":false,"pivot":{"x":0.5429136753082275,"y":-1.270477533340454,"z":14.359999656677246},"rotation":{"x":0.10723038762807846,"y":0.5478557348251343,"z":-0.07106772810220719,"w":0.826622724533081},"size":6.338833332061768,"orthographic":false}